{
	 "__metadata__": {
		 "format": "assimp2json"
		,"version": 100
	}
	,"rootnode": {
		 "name": "canvas.obj"
		,"transformation": [
			 1
			,0
			,0
			,0
			,0
			,1
			,0
			,0
			,0
			,0
			,1
			,0
			,0
			,0
			,0
			,1
		]
		,"children": [
			{
				 "name": "canvas"
				,"transformation": [
					 1
					,0
					,0
					,0
					,0
					,1
					,0
					,0
					,0
					,0
					,1
					,0
					,0
					,0
					,0
					,1
				]
				,"meshes": [
					 0
				]
			}
			,{
				 "name": "defaultobject"
				,"transformation": [
					 1
					,0
					,0
					,0
					,0
					,1
					,0
					,0
					,0
					,0
					,1
					,0
					,0
					,0
					,0
					,1
				]
				,"meshes": [
					 1
				]
			}
			,{
				 "name": "defaultobject"
				,"transformation": [
					 1
					,0
					,0
					,0
					,0
					,1
					,0
					,0
					,0
					,0
					,1
					,0
					,0
					,0
					,0
					,1
				]
				,"meshes": [
					 2
				]
			}
		]
	}
	,"flags": 8
	,"meshes": [
		{
			 "name": ""
			,"materialindex": 2
			,"primitivetypes": 4
			,"vertices": [
				 -1.44812
				,1.16219
				,-0.81861
				,-1.44812
				,0
				,-0.752384
				,-1.44812
				,1.16219
				,-0.752384
				,-1.44812
				,0
				,-0.81861
				,0.097142
				,1.16219
				,-0.752384
				,-1.44812
				,1.16219
				,-0.81861
				,-1.44812
				,1.16219
				,-0.752384
				,0.097142
				,1.16219
				,-0.81861
				,0.097142
				,0
				,-0.81861
				,-1.44812
				,0
				,-0.752384
				,-1.44812
				,0
				,-0.81861
				,0.097142
				,0
				,-0.752384
				,0.097142
				,0
				,-0.81861
				,0.097142
				,1.16219
				,-0.752384
				,0.097142
				,0
				,-0.752384
				,0.097142
				,1.16219
				,-0.81861
			]
			,"normals": [
				 -1
				,0
				,0
				,-1
				,0
				,0
				,-1
				,0
				,0
				,-1
				,0
				,0
				,0
				,1
				,0
				,0
				,1
				,0
				,0
				,1
				,0
				,0
				,1
				,0
				,0
				,-1
				,-0
				,0
				,-1
				,-0
				,0
				,-1
				,-0
				,0
				,-1
				,-0
				,1
				,-0
				,0
				,1
				,-0
				,0
				,1
				,-0
				,0
				,1
				,-0
				,0
			]
			,"tangents": [
				 0
				,-0.707105
				,-0.707109
				,0
				,-0.707105
				,-0.707109
				,0
				,-0.707105
				,-0.707109
				,0
				,-0.707105
				,-0.707109
				,1
				,0
				,0
				,1
				,0
				,0
				,1
				,0
				,0
				,1
				,0
				,0
				,1
				,0
				,0
				,1
				,0
				,0
				,1
				,0
				,0
				,1
				,0
				,0
				,0
				,0.707105
				,0.707109
				,0
				,0.707105
				,0.707109
				,0
				,0.707105
				,0.707109
				,0
				,0.707105
				,0.707109
			]
			,"bitangents": [
				 0
				,0.707109
				,-0.707105
				,0
				,0.707109
				,-0.707105
				,0
				,0.707109
				,-0.707105
				,0
				,0.707109
				,-0.707105
				,0
				,0
				,1
				,0
				,0
				,1
				,0
				,0
				,1
				,0
				,0
				,1
				,0
				,0
				,1
				,0
				,0
				,1
				,0
				,0
				,1
				,0
				,0
				,1
				,0
				,0.707109
				,-0.707105
				,0
				,0.707109
				,-0.707105
				,0
				,0.707109
				,-0.707105
				,0
				,0.707109
				,-0.707105
			]
			,"numuvcomponents": [
				 2
			]
			,"texturecoords": [
				[
					 0
					,1.1825
					,0
					,0
					,0
					,1.11875
					,0
					,0.06375
					,2.975
					,1.11875
					,0
					,1.1825
					,0
					,1.11875
					,2.975
					,1.1825
					,2.975
					,0.06375
					,0
					,0
					,0
					,0.06375
					,2.975
					,0
					,2.975
					,0.06375
					,2.975
					,1.11875
					,2.975
					,0
					,2.975
					,1.1825
				]
			]
			,"faces": [
				[
					 0
					,1
					,2
				]
				,[
					 1
					,0
					,3
				]
				,[
					 4
					,5
					,6
				]
				,[
					 5
					,4
					,7
				]
				,[
					 8
					,9
					,10
				]
				,[
					 9
					,8
					,11
				]
				,[
					 12
					,13
					,14
				]
				,[
					 13
					,12
					,15
				]
			]
		}
		,{
			 "name": ""
			,"materialindex": 0
			,"primitivetypes": 4
			,"vertices": [
				 0.097142
				,1.16219
				,-0.752384
				,-1.44812
				,0
				,-0.752384
				,0.097142
				,0
				,-0.752384
				,-1.44812
				,1.16219
				,-0.752384
			]
			,"normals": [
				 0
				,-0
				,1
				,0
				,-0
				,1
				,0
				,-0
				,1
				,0
				,-0
				,1
			]
			,"tangents": [
				 1
				,0
				,0
				,1
				,0
				,0
				,1
				,0
				,0
				,1
				,0
				,0
			]
			,"bitangents": [
				 0
				,-1
				,0
				,0
				,-1
				,0
				,0
				,-1
				,0
				,0
				,-1
				,0
			]
			,"numuvcomponents": [
				 2
			]
			,"texturecoords": [
				[
					 0.997892
					,1.00714
					,0
					,0
					,0.997892
					,0
					,0
					,1.00714
				]
			]
			,"faces": [
				[
					 0
					,1
					,2
				]
				,[
					 1
					,0
					,3
				]
			]
		}
		,{
			 "name": ""
			,"materialindex": 1
			,"primitivetypes": 4
			,"vertices": [
				 -1.44812
				,1.16219
				,-0.81861
				,0.097142
				,0
				,-0.81861
				,-1.44812
				,0
				,-0.81861
				,0.097142
				,1.16219
				,-0.81861
			]
			,"normals": [
				 0
				,0
				,-1
				,0
				,0
				,-1
				,0
				,0
				,-1
				,0
				,0
				,-1
			]
			,"faces": [
				[
					 0
					,1
					,2
				]
				,[
					 1
					,0
					,3
				]
			]
		}
	]
	,"materials": [
		{
			 "properties": [
				{
					 "key": "?mat.name"
					,"semantic": 0
					,"index": 0
					,"type": 3
					,"value": "corn5"
				}
				,{
					 "key": "$mat.shadingm"
					,"semantic": 0
					,"index": 0
					,"type": 4
					,"value": 2
				}
				,{
					 "key": "$clr.ambient"
					,"semantic": 0
					,"index": 0
					,"type": 1
					,"value": [
						 1
						,1
						,1
					]
				}
				,{
					 "key": "$clr.diffuse"
					,"semantic": 0
					,"index": 0
					,"type": 1
					,"value": [
						 1
						,1
						,1
					]
				}
				,{
					 "key": "$clr.specular"
					,"semantic": 0
					,"index": 0
					,"type": 1
					,"value": [
						 0
						,0
						,0
					]
				}
				,{
					 "key": "$clr.emissive"
					,"semantic": 0
					,"index": 0
					,"type": 1
					,"value": [
						 0
						,0
						,0
					]
				}
				,{
					 "key": "$mat.shininess"
					,"semantic": 0
					,"index": 0
					,"type": 1
					,"value": 4.00001
				}
				,{
					 "key": "$mat.opacity"
					,"semantic": 0
					,"index": 0
					,"type": 1
					,"value": 1
				}
				,{
					 "key": "$mat.refracti"
					,"semantic": 0
					,"index": 0
					,"type": 1
					,"value": 1.45
				}
				,{
					 "key": "$tex.file"
					,"semantic": 1
					,"index": 0
					,"type": 3
					,"value": "canvas_corn5.jpeg"
				}
			]
		}
		,{
			 "properties": [
				{
					 "key": "?mat.name"
					,"semantic": 0
					,"index": 0
					,"type": 3
					,"value": "material"
				}
				,{
					 "key": "$mat.shadingm"
					,"semantic": 0
					,"index": 0
					,"type": 4
					,"value": 2
				}
				,{
					 "key": "$clr.ambient"
					,"semantic": 0
					,"index": 0
					,"type": 1
					,"value": [
						 1
						,1
						,1
					]
				}
				,{
					 "key": "$clr.diffuse"
					,"semantic": 0
					,"index": 0
					,"type": 1
					,"value": [
						 1
						,1
						,1
					]
				}
				,{
					 "key": "$clr.specular"
					,"semantic": 0
					,"index": 0
					,"type": 1
					,"value": [
						 0
						,0
						,0
					]
				}
				,{
					 "key": "$clr.emissive"
					,"semantic": 0
					,"index": 0
					,"type": 1
					,"value": [
						 0
						,0
						,0
					]
				}
				,{
					 "key": "$mat.shininess"
					,"semantic": 0
					,"index": 0
					,"type": 1
					,"value": 4.00001
				}
				,{
					 "key": "$mat.opacity"
					,"semantic": 0
					,"index": 0
					,"type": 1
					,"value": 1
				}
				,{
					 "key": "$mat.refracti"
					,"semantic": 0
					,"index": 0
					,"type": 1
					,"value": 1.45
				}
			]
		}
		,{
			 "properties": [
				{
					 "key": "?mat.name"
					,"semantic": 0
					,"index": 0
					,"type": 3
					,"value": "material_2"
				}
				,{
					 "key": "$mat.shadingm"
					,"semantic": 0
					,"index": 0
					,"type": 4
					,"value": 3
				}
				,{
					 "key": "$clr.ambient"
					,"semantic": 0
					,"index": 0
					,"type": 1
					,